 HEAD,,
"doctor_name	doctor_address",,
"Dr. Meera Sharma	""Kormangala", Bangalore," India"""
"Dr. Arvind Rao	""Andheri West", Munbai," India"""
"Dr. Priya Nair	""Anna Nagar", Chennai," India"""
"Dr. Ramesh Iyer	""Banjara Hills", Hydrabad," India"""
,,
"doctor_name	doctor_address",,
"Dr. Meera Sharma	""Kormangala", Bangalore," India"""
"Dr. Arvind Rao	""Andheri West", Munbai," India"""
"Dr. Priya Nair	""Anna Nagar", Chennai," India"""
"Dr. Ramesh Iyer	""Banjara Hills", Hydrabad," India"""
 f35ef1c (Add Procfile and updated files for render deployment),,
